{"stats":{"minecraft:used":{"minecraft:black_concrete":29,"minecraft:dirt":79,"minecraft:light_blue_concrete":57,"minecraft:grass_block":50,"minecraft:red_concrete":15,"minecraft:yellow_concrete":31,"minecraft:white_concrete":65},"minecraft:picked_up":{"born_in_chaos_v1:river_mint":8,"minecraft:wheat_seeds":10},"minecraft:custom":{"minecraft:time_since_rest":19944,"minecraft:crouch_one_cm":2098,"minecraft:play_time":19944,"minecraft:sprint_one_cm":17205,"minecraft:walk_one_cm":68416,"minecraft:sneak_time":1025,"minecraft:walk_under_water_one_cm":100,"minecraft:jump":89,"minecraft:damage_dealt":10,"minecraft:leave_game":1,"minecraft:time_since_death":19944,"minecraft:walk_on_water_one_cm":530,"minecraft:total_world_time":19944,"minecraft:swim_one_cm":252,"minecraft:fall_one_cm":209,"minecraft:fly_one_cm":236075}},"DataVersion":3120}